{"cameraMode":{"drawMode":0,"name":"Shaded","section":"Shading Mode"},"sceneLighting":true,"audioPlay":false,"sceneViewState":{"m_AlwaysRefresh":false,"showFog":true,"showSkybox":true,"showFlares":true,"showImageEffects":true,"showParticleSystems":true,"showVisualEffectGraphs":true,"m_FxEnabled":true},"in2DMode":false,"pivot":{"x":132.7045440673828,"y":115.30594635009766,"z":48.714027404785159},"rotation":{"x":-0.07336969673633576,"y":0.04485989362001419,"z":-0.0033026484306901695,"w":-0.9962967038154602},"size":318.5649108886719,"orthographic":false}